{
  "chart": {
    "title": "Suicide rate",
    "subtitle": "Estimated annual number of suicides per 100,000 people. Suicide deaths are underreported in many countries due to social stigma and cultural or legal concerns. This data includes modeling based on global suicide patterns, and includes adjustments and extrapolations that aim to account for missing data and underreporting.",
    "note": "To allow for comparisons between countries and over time, this metric is [age-standardized](#dod:age_standardized).",
    "citation": "World Health Organization (2024)",
    "originalChartUrl": "https://ourworldindata.org/grapher/death-rate-from-suicides-gho?v=1&csvType=full&useColumnShortNames=false",
    "selection": [
      "United States",
      "Japan",
      "South Africa",
      "France"
    ]
  },
  "columns": {
    "Age-standardized death rate from self-harm among both sexes": {
      "titleShort": "Age-standardized death rate from self-harm among both sexes",
      "titleLong": "Age-standardized death rate from self-harm among both sexes",
      "descriptionShort": "Estimated number of age-standardized deaths from self-harm in both sexes, per 100,000 people.",
      "shortUnit": "",
      "unit": "deaths per 100,000 people",
      "timespan": "2000-2021",
      "type": "Numeric",
      "owidVariableId": 970944,
      "shortName": "death_rate100k__age_group_age_standardized__sex_both_sexes__cause_self_harm",
      "lastUpdated": "2024-07-30",
      "citationShort": "World Health Organization (2024) – with major processing by Our World in Data",
      "citationLong": "World Health Organization (2024) – with major processing by Our World in Data. “Age-standardized death rate from self-harm among both sexes” [dataset]. World Health Organization, “Global Health Estimates” [original data].",
      "fullMetadata": "https://api.ourworldindata.org/v1/indicators/970944.metadata.json"
    }
  },
  "dateDownloaded": "2026-02-06",
  "activeFilters": {}
}